{
	"variables": [],
	"info": {
		"name": "assignment #1",
		"_postman_id": "8e383143-54fd-8be9-5963-fd4297e1c828",
		"description": "",
		"schema": "https://schema.getpostman.com/json/collection/v2.0.0/collection.json"
	},
	"item": [
		{
			"name": "[POST user-register] localhost:2416/user",
			"request": {
				"url": "localhost:2416/user",
				"method": "POST",
				"header": [
					{
						"key": "Content-Type",
						"value": "application/json",
						"description": ""
					}
				],
				"body": {
					"mode": "raw",
					"raw": "{\"name\": \"to-be-deleted\", \"password\": \"password\"}"
				},
				"description": ""
			},
			"response": []
		},
		{
			"name": "[GET all-users] localhost:2416/user",
			"request": {
				"url": "localhost:2416/user",
				"method": "GET",
				"header": [
					{
						"key": "Content-Type",
						"value": "application/json",
						"description": ""
					},
					{
						"key": "Authorization",
						"value": "Basic c2FtbXk6cGFzc3dvcmQ=",
						"description": ""
					},
					{
						"key": "x-access-token",
						"value": "eyJ0eXAiOiJKV1QiLCJhbGciOiJIUzI1NiJ9.eyJwdWJsaWNfaWQiOiJiZjRmN2EwZC1iYWRlLTQ2ZTAtOWFmMy1iZjAzMGU2ODZlMjciLCJleHAiOjE2NDI4MzgzMTV9.qC5i63KuMytgPrGtjK5JESlB9yYJWxXb77aYcdN8vr0",
						"description": ""
					}
				],
				"body": {},
				"description": ""
			},
			"response": []
		},
		{
			"name": "[GET one-user] localhost:2416/user/bf4f7a0d-bade-46e0-9af3-bf030e686e27",
			"request": {
				"url": "localhost:2416/user/83d39bf2-ad05-4610-8add-4237fe6ea0fd",
				"method": "GET",
				"header": [
					{
						"key": "Content-Type",
						"value": "application/json",
						"description": ""
					},
					{
						"key": "Authorization",
						"value": "Basic c2FtbXk6cGFzc3dvcmQ=",
						"description": ""
					},
					{
						"key": "x-access-token",
						"value": "eyJ0eXAiOiJKV1QiLCJhbGciOiJIUzI1NiJ9.eyJwdWJsaWNfaWQiOiJiZjRmN2EwZC1iYWRlLTQ2ZTAtOWFmMy1iZjAzMGU2ODZlMjciLCJleHAiOjE2NDI4Mzg0NzJ9.PVcTtggM5udJ3ULbi1w-gDCK2kOMrimubF_2LRO7Nrc",
						"description": ""
					}
				],
				"body": {},
				"description": ""
			},
			"response": []
		},
		{
			"name": "[PUT user-promote] localhost:2416/user/bf4f7a0d-bade-46e0-9af3-bf030e686e27",
			"request": {
				"url": "localhost:2416/user/83d39bf2-ad05-4610-8add-4237fe6ea0fd",
				"method": "PUT",
				"header": [
					{
						"key": "Authorization",
						"value": "Basic c2FtbXk6cGFzc3dvcmQ=",
						"description": ""
					},
					{
						"key": "x-access-token",
						"value": "eyJ0eXAiOiJKV1QiLCJhbGciOiJIUzI1NiJ9.eyJwdWJsaWNfaWQiOiJiZjRmN2EwZC1iYWRlLTQ2ZTAtOWFmMy1iZjAzMGU2ODZlMjciLCJleHAiOjE2NDI4Mzg0NzJ9.PVcTtggM5udJ3ULbi1w-gDCK2kOMrimubF_2LRO7Nrc",
						"description": ""
					}
				],
				"body": {},
				"description": ""
			},
			"response": []
		},
		{
			"name": "[DELETE user-delete] localhost:2416/user/e56a58ea-3d99-4b70-a29d-8ed2130e50e5",
			"request": {
				"url": "localhost:2416/user/abfb45b9-8322-4af1-be20-21340956c563",
				"method": "DELETE",
				"header": [
					{
						"key": "Authorization",
						"value": "Basic c2FtbXk6cGFzc3dvcmQ=",
						"description": ""
					},
					{
						"key": "x-access-token",
						"value": "eyJ0eXAiOiJKV1QiLCJhbGciOiJIUzI1NiJ9.eyJwdWJsaWNfaWQiOiJiZjRmN2EwZC1iYWRlLTQ2ZTAtOWFmMy1iZjAzMGU2ODZlMjciLCJleHAiOjE2NDI4Mzg0NzJ9.PVcTtggM5udJ3ULbi1w-gDCK2kOMrimubF_2LRO7Nrc",
						"description": ""
					}
				],
				"body": {},
				"description": ""
			},
			"response": []
		},
		{
			"name": "[GET user-login] localhost:2416/login",
			"request": {
				"url": "localhost:2416/login",
				"method": "GET",
				"header": [
					{
						"key": "Authorization",
						"value": "Basic c2FtbXk6cGFzc3dvcmQ=",
						"description": ""
					}
				],
				"body": {},
				"description": ""
			},
			"response": []
		},
		{
			"name": "[POST post-create] localhost:2416/post",
			"request": {
				"url": "localhost:2416/post",
				"method": "POST",
				"header": [
					{
						"key": "Content-Type",
						"value": "application/json",
						"description": ""
					},
					{
						"key": "Authorization",
						"value": "Basic c2FtbXk6cGFzc3dvcmQ=",
						"description": ""
					},
					{
						"key": "x-access-token",
						"value": "eyJ0eXAiOiJKV1QiLCJhbGciOiJIUzI1NiJ9.eyJwdWJsaWNfaWQiOiJiZjRmN2EwZC1iYWRlLTQ2ZTAtOWFmMy1iZjAzMGU2ODZlMjciLCJleHAiOjE2NDI4Mzk1MzB9.tXAGLqsP2P5BRiLErWRQOylvPzGlTTl0q7kUg5Gf6oY",
						"description": ""
					}
				],
				"body": {
					"mode": "raw",
					"raw": "{\"text\":\"test: this post will be deleted.\"}"
				},
				"description": ""
			},
			"response": []
		},
		{
			"name": "[GET all-posts] localhost:2416/post",
			"request": {
				"url": "localhost:2416/post",
				"method": "GET",
				"header": [
					{
						"key": "Authorization",
						"value": "Basic c2FtbXk6cGFzc3dvcmQ=",
						"description": ""
					},
					{
						"key": "x-access-token",
						"value": "eyJ0eXAiOiJKV1QiLCJhbGciOiJIUzI1NiJ9.eyJwdWJsaWNfaWQiOiJiZjRmN2EwZC1iYWRlLTQ2ZTAtOWFmMy1iZjAzMGU2ODZlMjciLCJleHAiOjE2NDI4NDAyMzB9.AY6usPYSbFuQBnoRwzS3uPmcd1zi2gtDYg9h4bRclpA",
						"description": ""
					}
				],
				"body": {},
				"description": ""
			},
			"response": []
		},
		{
			"name": "[GET one-post] localhost:2416/post/1",
			"request": {
				"url": "localhost:2416/post/1",
				"method": "GET",
				"header": [
					{
						"key": "Authorization",
						"value": "Basic c2FtbXk6cGFzc3dvcmQ=",
						"description": ""
					},
					{
						"key": "x-access-token",
						"value": "eyJ0eXAiOiJKV1QiLCJhbGciOiJIUzI1NiJ9.eyJwdWJsaWNfaWQiOiJiZjRmN2EwZC1iYWRlLTQ2ZTAtOWFmMy1iZjAzMGU2ODZlMjciLCJleHAiOjE2NDI4NDAyMzB9.AY6usPYSbFuQBnoRwzS3uPmcd1zi2gtDYg9h4bRclpA",
						"description": ""
					}
				],
				"body": {},
				"description": ""
			},
			"response": []
		},
		{
			"name": "[PUT post-publish] localhost:2416/post/1",
			"request": {
				"url": "localhost:2416/post/1",
				"method": "PUT",
				"header": [
					{
						"key": "Authorization",
						"value": "Basic c2FtbXk6cGFzc3dvcmQ=",
						"description": ""
					},
					{
						"key": "x-access-token",
						"value": "eyJ0eXAiOiJKV1QiLCJhbGciOiJIUzI1NiJ9.eyJwdWJsaWNfaWQiOiJiZjRmN2EwZC1iYWRlLTQ2ZTAtOWFmMy1iZjAzMGU2ODZlMjciLCJleHAiOjE2NDI4NDAyMzB9.AY6usPYSbFuQBnoRwzS3uPmcd1zi2gtDYg9h4bRclpA",
						"description": ""
					}
				],
				"body": {},
				"description": ""
			},
			"response": []
		}
	]
}